subreddit,covid_count,ukraine_count,russia_count,trump_count,biden_count,vaccine_count,insurrection_count,afghanistan_count,olympics_count
TrueOffMyChest,15664,7673,12628,5514,2655,4958,150,1007,585
unpopularopinion,12592,10089,16112,6840,2221,5657,200,1001,2395
antiwork,68825,7832,18575,32539,26619,10261,1180,2108,619
socialskills,1123,42,93,125,21,48,1,10,21
AskMen,10435,2898,6054,9,960,1483,99,820,527
AmItheAsshole,56474,2956,8404,16895,683,6787,121,761,2902
relationship_advice,15940,1139,2806,3514,442,4398,32,232,301
explainlikeimfive,4280,3527,9023,1996,852,1558,79,688,226
OutOfTheLoop,3407,5332,10287,7934,3292,1995,401,593,234
tifu,2805,757,1450,759,184,461,12,111,80
NoStupidQuestions,28045,30231,54605,25398,12904,11996,1031,3330,1370
AskWomen,6613,445,1078,1019,174,586,8,106,125
