week_of_year,0,1,2,3,4,5,6,7,8,9,10,11,12,13,14,15,16,17,18,19,20,21,22,23
1,79876.0,74739.0,67719.0,72172.0,67016.0,59684.0,51683.0,45537.0,40239.0,37056.0,35867.0,38913.0,46583.0,59317.0,69182.0,77720.0,81479.0,84711.0,87834.0,86834.0,84745.0,85382.0,83656.0,81182.0
2,78068.0,76477.0,78474.0,74516.0,68215.0,60093.0,53353.0,46243.0,39750.0,35941.0,35650.0,39454.0,47068.0,58426.0,70431.0,78391.0,85370.0,91378.0,94624.0,91472.0,91074.0,89590.0,86223.0,83777.0
3,80434.0,78056.0,77371.0,75099.0,69173.0,61464.0,52988.0,45581.0,40356.0,36185.0,35562.0,39797.0,48408.0,63114.0,73234.0,81256.0,88002.0,92017.0,91293.0,91438.0,91920.0,91551.0,83971.0,83935.0
4,74532.0,78716.0,75965.0,71937.0,67189.0,59876.0,51226.0,44152.0,39374.0,36725.0,35926.0,38091.0,46938.0,63333.0,77158.0,88038.0,93485.0,100150.0,103547.0,96348.0,92381.0,91553.0,89438.0,84774.0
5,76084.0,75071.0,76091.0,67844.0,58494.0,52409.0,49698.0,43326.0,39794.0,36580.0,35523.0,39955.0,48316.0,61878.0,71081.0,79348.0,85021.0,87118.0,81622.0,80880.0,79243.0,80162.0,77943.0,78962.0
6,77620.0,73517.0,71119.0,68201.0,64231.0,57213.0,48630.0,41787.0,36347.0,33586.0,33594.0,38166.0,48990.0,61000.0,72214.0,83954.0,84614.0,84303.0,85147.0,84868.0,83735.0,84219.0,77915.0,80579.0
7,78854.0,76840.0,75535.0,69345.0,63818.0,56375.0,49279.0,43186.0,38516.0,35606.0,35135.0,39034.0,50305.0,62813.0,73978.0,79735.0,84773.0,86672.0,85968.0,88366.0,86896.0,90625.0,82246.0,81606.0
8,76787.0,72428.0,70504.0,68231.0,62850.0,55699.0,49106.0,43592.0,38175.0,35595.0,35184.0,38867.0,48531.0,60747.0,69851.0,79271.0,85094.0,86206.0,86084.0,85291.0,84552.0,86071.0,84242.0,76940.0
9,72005.0,68650.0,67400.0,66684.0,63127.0,55858.0,49669.0,43711.0,38654.0,35603.0,35142.0,38521.0,49141.0,61792.0,69880.0,80447.0,85959.0,89888.0,89040.0,84855.0,84107.0,82610.0,80064.0,77153.0
10,80072.0,77265.0,75087.0,72074.0,65071.0,56831.0,48679.0,43689.0,39393.0,36522.0,35145.0,40514.0,51296.0,62425.0,73445.0,81809.0,87010.0,89236.0,88214.0,87147.0,88528.0,88295.0,83872.0,79692.0
11,72037.0,73180.0,74385.0,67817.0,59006.0,50990.0,43958.0,38030.0,35058.0,35131.0,38030.0,46280.0,57092.0,70528.0,79476.0,85533.0,86201.0,88219.0,88474.0,86579.0,86551.0,82943.0,79020.0,77507.0
12,75659.0,72851.0,70198.0,64601.0,57115.0,48995.0,41273.0,35906.0,33525.0,33767.0,38814.0,46120.0,57594.0,71040.0,81673.0,84196.0,85096.0,83463.0,84244.0,85886.0,85474.0,81837.0,80151.0,78264.0
13,63473.0,65803.0,69126.0,63722.0,56892.0,49989.0,42964.0,37640.0,35374.0,35544.0,39285.0,48055.0,62226.0,71369.0,79098.0,83440.0,84730.0,84069.0,81515.0,79854.0,81693.0,80095.0,75619.0,70925.0
14,67934.0,66920.0,66666.0,61813.0,53612.0,47291.0,41443.0,37125.0,34403.0,32858.0,36115.0,46262.0,58997.0,69253.0,75682.0,77604.0,81379.0,81702.0,82713.0,82928.0,82758.0,81513.0,76520.0,73369.0
15,75350.0,73566.0,74053.0,69047.0,60931.0,51643.0,44451.0,39392.0,36848.0,35349.0,40092.0,48554.0,60160.0,68062.0,78536.0,82528.0,86242.0,85781.0,79589.0,79254.0,80073.0,77159.0,75296.0,75988.0
16,71684.0,70750.0,68590.0,63086.0,56243.0,48598.0,43515.0,39065.0,36131.0,34891.0,38025.0,47095.0,58712.0,68208.0,81671.0,85041.0,85934.0,87539.0,81874.0,80376.0,79709.0,78198.0,77302.0,75065.0
17,62737.0,63138.0,61960.0,58204.0,51070.0,43506.0,37635.0,34286.0,31875.0,31679.0,35727.0,44035.0,55493.0,65313.0,72077.0,75259.0,76191.0,75555.0,74942.0,73675.0,72085.0,68250.0,65821.0,64008.0
18,61733.0,61236.0,58724.0,53696.0,47475.0,42636.0,37382.0,33080.0,30991.0,30865.0,34593.0,43208.0,52960.0,64309.0,71569.0,75158.0,72746.0,74443.0,71560.0,70646.0,69500.0,68353.0,67283.0,65467.0
19,62647.0,62651.0,60790.0,55838.0,48114.0,40726.0,36209.0,32505.0,30117.0,30548.0,33909.0,42414.0,54171.0,66796.0,72088.0,75085.0,76237.0,75296.0,74079.0,73390.0,73774.0,70494.0,68820.0,65072.0
20,56607.0,55593.0,53454.0,49492.0,43320.0,38218.0,34209.0,29965.0,27795.0,27766.0,30765.0,38747.0,45981.0,54968.0,61893.0,66348.0,69413.0,71097.0,67120.0,65985.0,63342.0,63295.0,60633.0,58803.0
21,55888.0,54669.0,52030.0,48967.0,43545.0,38574.0,34275.0,29414.0,27337.0,27338.0,30569.0,37567.0,46227.0,54896.0,60368.0,63460.0,65214.0,65184.0,63539.0,63903.0,63666.0,60879.0,60784.0,58183.0
22,51190.0,51450.0,50323.0,46593.0,40578.0,35888.0,32764.0,28518.0,25348.0,25278.0,27775.0,33995.0,40904.0,49401.0,54908.0,57835.0,61006.0,60425.0,59882.0,55500.0,56882.0,55023.0,54442.0,52119.0
23,54794.0,55371.0,51350.0,48507.0,43938.0,38478.0,34410.0,30234.0,27789.0,26999.0,29696.0,36545.0,45090.0,53895.0,59740.0,62588.0,64373.0,64556.0,63385.0,64843.0,63266.0,59302.0,59573.0,58273.0
24,60136.0,58875.0,57855.0,53955.0,48785.0,43013.0,37585.0,33754.0,31049.0,29254.0,32899.0,41022.0,51139.0,59986.0,69286.0,78896.0,73483.0,71927.0,69847.0,69297.0,67314.0,66694.0,66157.0,64419.0
25,62279.0,61196.0,57817.0,54583.0,49216.0,43055.0,37475.0,33771.0,30928.0,30380.0,32947.0,40811.0,50997.0,64420.0,72137.0,75808.0,77301.0,76028.0,74385.0,74454.0,75954.0,72135.0,70184.0,65651.0
26,62437.0,59447.0,57545.0,52383.0,47262.0,42373.0,37946.0,33117.0,30351.0,30240.0,34318.0,42279.0,52655.0,61978.0,69207.0,72660.0,74298.0,73560.0,73154.0,72389.0,71614.0,64558.0,69292.0,64974.0
27,61983.0,61593.0,60063.0,56860.0,49616.0,42946.0,38261.0,33877.0,31215.0,29959.0,32876.0,39552.0,49794.0,59335.0,67403.0,71156.0,73748.0,71724.0,69547.0,68179.0,68830.0,67643.0,67760.0,66002.0
28,64136.0,61695.0,61451.0,57832.0,52412.0,45546.0,38988.0,33919.0,30756.0,29949.0,33330.0,41259.0,52616.0,61716.0,68474.0,72478.0,74531.0,74024.0,73580.0,72553.0,72995.0,71865.0,69166.0,66050.0
29,59274.0,58726.0,59407.0,53667.0,48191.0,43093.0,37560.0,33948.0,30648.0,31038.0,33676.0,41566.0,51658.0,62807.0,69298.0,71475.0,74535.0,72364.0,72738.0,74244.0,72489.0,70101.0,65377.0,62137.0
30,60453.0,60055.0,58912.0,55358.0,49432.0,42656.0,38227.0,33749.0,30319.0,30666.0,34032.0,41491.0,51850.0,59683.0,66912.0,72139.0,73152.0,72561.0,72127.0,75709.0,73610.0,70780.0,65572.0,62192.0
31,58898.0,57145.0,55222.0,51429.0,46740.0,40269.0,36162.0,31490.0,29458.0,28484.0,30860.0,38052.0,48401.0,57345.0,66286.0,69799.0,70605.0,69696.0,68700.0,68513.0,69669.0,69862.0,64383.0,62629.0
32,57715.0,57458.0,56417.0,51311.0,45736.0,40300.0,36059.0,32121.0,30303.0,30172.0,33169.0,38948.0,49560.0,56622.0,62056.0,67941.0,71805.0,71278.0,70914.0,69404.0,68790.0,68865.0,63944.0,61968.0
33,59917.0,59288.0,57818.0,53005.0,45915.0,40339.0,35304.0,31848.0,28847.0,29207.0,31859.0,39728.0,48968.0,58165.0,66675.0,70726.0,72692.0,70671.0,68794.0,70010.0,72420.0,70143.0,65524.0,62350.0
34,59097.0,58909.0,58256.0,53267.0,47183.0,40999.0,36297.0,31487.0,28607.0,28737.0,32642.0,39792.0,50509.0,58103.0,65266.0,69158.0,72232.0,74178.0,70816.0,70392.0,68886.0,68058.0,65329.0,61108.0
35,58328.0,56525.0,55746.0,51708.0,46198.0,40167.0,34769.0,30822.0,28524.0,29317.0,32264.0,40132.0,49437.0,59901.0,67304.0,70504.0,71768.0,72684.0,70785.0,67929.0,67528.0,66119.0,62447.0,59929.0
36,55030.0,52427.0,50619.0,47351.0,43594.0,37972.0,32986.0,28177.0,26174.0,26170.0,28817.0,36024.0,45712.0,52408.0,58843.0,62574.0,64210.0,62331.0,61007.0,61615.0,61174.0,61041.0,60150.0,57813.0
37,56567.0,56136.0,53425.0,48301.0,41564.0,37118.0,32926.0,28330.0,26633.0,26424.0,30089.0,37956.0,48424.0,57364.0,64061.0,65915.0,65903.0,64880.0,66779.0,65223.0,66039.0,63918.0,61342.0,58021.0
38,50766.0,48856.0,47923.0,44780.0,39281.0,33981.0,30676.0,26878.0,24281.0,24428.0,27695.0,35439.0,44655.0,52156.0,58796.0,62622.0,65782.0,66195.0,64395.0,61593.0,59886.0,58354.0,55427.0,52975.0
39,54168.0,53368.0,49942.0,46404.0,40429.0,35096.0,31487.0,28246.0,25966.0,26467.0,29208.0,35221.0,45974.0,52749.0,58364.0,63316.0,64467.0,65401.0,65631.0,65089.0,65120.0,62799.0,58286.0,56537.0
40,50398.0,48581.0,45938.0,42975.0,37044.0,32265.0,27898.0,24861.0,22512.0,23377.0,26845.0,32593.0,41481.0,49126.0,55374.0,61128.0,62513.0,63334.0,63910.0,62884.0,61955.0,57963.0,56439.0,52802.0
41,53433.0,51761.0,50066.0,46250.0,41369.0,35889.0,31407.0,28331.0,26305.0,26858.0,29918.0,36930.0,45978.0,53853.0,60732.0,61125.0,63864.0,65244.0,64938.0,63581.0,63988.0,61492.0,57571.0,54184.0
42,51243.0,50844.0,49703.0,44343.0,38408.0,33306.0,29034.0,25806.0,24450.0,23966.0,27177.0,34195.0,44727.0,54248.0,58504.0,59586.0,60735.0,60282.0,61979.0,63206.0,64232.0,61036.0,56893.0,54293.0
43,55296.0,52988.0,50359.0,45245.0,39524.0,33450.0,29521.0,26456.0,24908.0,24468.0,28119.0,35237.0,44285.0,53152.0,61186.0,65970.0,65552.0,64853.0,63662.0,63261.0,67457.0,66920.0,60786.0,58306.0
44,55807.0,52988.0,52304.0,49613.0,41432.0,32771.0,28369.0,26189.0,24523.0,24570.0,27534.0,34772.0,43675.0,54677.0,60998.0,65662.0,67332.0,66361.0,66825.0,66124.0,65320.0,58328.0,58206.0,59501.0
45,53405.0,50361.0,48502.0,46478.0,43163.0,36948.0,31739.0,27794.0,25185.0,23842.0,23734.0,28884.0,36732.0,45690.0,53875.0,58806.0,60681.0,61330.0,61191.0,61326.0,59510.0,59413.0,56283.0,56391.0
46,56152.0,54066.0,53120.0,49522.0,44287.0,38263.0,33045.0,28678.0,25637.0,25086.0,26166.0,30306.0,39734.0,48474.0,55974.0,62864.0,63064.0,65113.0,65874.0,66087.0,65870.0,64826.0,62722.0,59998.0
47,53746.0,51795.0,51134.0,49417.0,44433.0,38383.0,32675.0,30719.0,26926.0,24060.0,23863.0,27173.0,35357.0,43251.0,51621.0,58740.0,60963.0,62306.0,63479.0,60982.0,61547.0,60100.0,58660.0,57660.0
48,57765.0,55229.0,54647.0,51218.0,48282.0,41299.0,35128.0,30345.0,27032.0,24707.0,24732.0,28343.0,34745.0,44772.0,54883.0,60486.0,64633.0,65739.0,67048.0,66463.0,65895.0,65955.0,61766.0,59944.0
49,57759.0,54518.0,53299.0,50308.0,46627.0,40268.0,34080.0,29029.0,25979.0,23849.0,23677.0,27744.0,35963.0,45693.0,56696.0,63921.0,66524.0,69420.0,71007.0,67606.0,67065.0,65055.0,61819.0,60479.0
50,57694.0,53973.0,52440.0,49941.0,46559.0,41476.0,34375.0,29492.0,26662.0,24398.0,24218.0,28126.0,34666.0,43954.0,53125.0,58449.0,62364.0,65906.0,68231.0,66838.0,66558.0,66806.0,64512.0,61745.0
51,55668.0,52539.0,51476.0,50407.0,47152.0,41819.0,35559.0,30964.0,28260.0,25953.0,25412.0,28457.0,34668.0,42717.0,52793.0,60953.0,64364.0,65792.0,63500.0,63544.0,64101.0,60521.0,57329.0,57244.0
52,54047.0,52110.0,50553.0,48712.0,44042.0,38852.0,33592.0,29322.0,25959.0,24468.0,24195.0,26367.0,31382.0,40755.0,49188.0,55591.0,59228.0,62348.0,62852.0,60299.0,59503.0,61148.0,59991.0,57711.0
