unpopularopinion,socialskills,antiwork,AskMen,AmItheAsshole,explainlikeimfive,tifu,AskWomen,OutOfTheLoop,TrueOffMyChest,relationship_advice,NoStupidQuestions
772,214,224,13,32,663,117,239,206,17,23,0
195,1244,101,18,180,220,177,131,43,14,174,0
89,36,1776,3,49,331,86,52,61,5,4,0
150,215,131,77,40,1019,73,493,135,20,134,0
13,28,66,2,2158,5,110,7,6,5,69,0
136,20,63,6,4,1886,11,141,195,3,2,0
28,46,189,2,347,27,1643,3,29,8,141,0
117,40,38,12,1,1368,6,738,123,1,7,0
172,52,39,2,8,935,41,86,1097,1,4,0
148,283,199,30,432,157,428,96,78,184,398,0
35,174,78,20,429,111,188,93,29,24,1209,1
282,123,133,22,33,1212,79,225,208,8,24,0
