relationship_advice,NoStupidQuestions,TrueOffMyChest,AmItheAsshole,antiwork,unpopularopinion,socialskills,AskMen,explainlikeimfive,tifu,OutOfTheLoop,AskWomen
89798,67025,35812,33455,21944,11380,6662,5284,4276,3541,835,751
67245,50430,27280,25057,16294,8479,5056,4114,3135,2599,642,587
35888,26965,14242,13490,8905,4561,2624,2083,1729,1387,377,331
33455,24940,13208,12359,8114,4130,2433,1975,1573,1232,327,294
21958,16633,8798,8100,5360,2796,1589,1333,1078,856,202,213
11444,8440,4667,4171,2772,1377,913,660,559,424,106,93
6446,5021,2717,2573,1654,837,490,349,299,278,66,56
5181,3943,2174,2007,1262,688,359,301,249,203,50,47
4275,3287,1662,1573,1070,571,320,244,229,164,42,49
3349,2484,1343,1324,907,472,264,202,172,124,28,29
912,655,331,329,224,106,63,49,46,31,6,6
779,598,304,314,173,99,59,46,44,21,6,4
